{"train": [5.461223921016364, 5.087393527865099, 4.956027643487596, 4.8698067167097845, 4.801449383519026, 4.743094769221373, 4.693317237784283, 4.646642049983649, 4.603737107767449, 4.564137513581517], "val": [5.13918753862381, 4.987823390960694, 4.895181667804718, 4.841265439987183, 4.782581543922424, 4.748566448688507, 4.712251818180084, 4.685732233524322, 4.668554735183716, 4.646552050113678]}