{"train": [5.161546237786196, 4.939478379939306, 4.893062794488653, 4.858758906471511, 4.824594288519718, 4.785215923120085, 4.742317890685158, 4.688145420881226, 4.61344530812754, 4.481441011005531], "val": [4.986710298061371, 4.967297005653381, 4.920539915561676, 4.916367673873902, 4.873899316787719, 4.8576159358024595, 4.87472265958786, 4.784809947013855, 4.743968033790589, 4.667351233959198]}