{"train": [5.5188695113418, 5.128850798989007, 4.992367375603121, 4.903262106799082, 4.8357196618455625, 4.778409123836079, 4.7299091641495865, 4.685232391756171, 4.646357449920336, 4.61084829556402], "val": [5.186408388614654, 5.021196711063385, 4.933206117153167, 4.869320511817932, 4.814570927619934, 4.773784935474396, 4.733926904201508, 4.719864344596862, 4.695077729225159, 4.6785676836967465]}