{"train": [5.16557237412456, 4.894372313695502, 4.8442585410141366, 4.803656719287513, 4.769719894754762, 4.734211652536425, 4.690606697095811, 4.64040393031848, 4.567527020019106, 4.446182958755759], "val": [4.9214017510414125, 4.890542340278626, 4.863994061946869, 4.863370060920715, 4.885068905353546, 4.826993155479431, 4.809048068523407, 4.759469151496887, 4.719285941123962, 4.631383085250855]}