{"train": [5.291590957043999, 4.957157147459822, 4.840850045724575, 4.746108071299819, 4.642462966958785], "val": [5.011778342723846, 4.915450501441955, 4.81732132434845, 4.737872648239136, 4.683690452575684]}