{"train": [5.386149518581218, 5.049695593139436, 4.9230351738813445, 4.8368474315683185, 4.770203020514511, 4.70927989524416, 4.657294511795044, 4.606860611081538, 4.557525183680997, 4.511363592712721], "val": [5.09612627029419, 4.952648603916169, 4.876815497875214, 4.830815434455872, 4.778364908695221, 4.725713610649109, 4.7002453923225405, 4.665917789936065, 4.641611313819885, 4.616315686702729]}