{"train": [5.181563186313217, 5.01696761227651, 4.976778662578569, 4.941441928883463, 4.908383015556202, 4.869179278715977, 4.821789439131574, 4.765160072140578, 4.682944153244072, 4.542130894777252], "val": [5.025038957595825, 5.054838967323303, 5.000384902954101, 4.973780381679535, 4.942734062671661, 4.905317664146423, 4.904740345478058, 4.854926228523254, 4.789505875110626, 4.682820808887482]}