{"train": [5.28872733576802, 4.963551670701945, 4.858317504663692, 4.789542495737499, 4.735105019014124, 4.679770873047353, 4.629954054212446, 4.570504529669142, 4.505105586338292, 4.426083790104321], "val": [5.013046443462372, 4.8771526455879215, 4.831130576133728, 4.79755733013153, 4.755152714252472, 4.73038364648819, 4.703740561008454, 4.65178496837616, 4.62041848897934, 4.572001683712005]}