{"train": [5.258363983772358, 4.962555597052757, 4.866201206366775, 4.804881173974546, 4.752092998617617, 4.699294970841358, 4.645289935301405, 4.5833902209477975, 4.509190570186655, 4.418355302112858], "val": [5.017591392993927, 4.884158706665039, 4.881207680702209, 4.814750349521637, 4.79588383436203, 4.745547866821289, 4.727290999889374, 4.679424607753754, 4.624117147922516, 4.574710059165954]}