{"train": [5.3314803668430875, 4.976787862877397, 4.865225271896203, 4.792023917939189, 4.731888119767352, 4.682263430818033, 4.630168195385551, 4.575863836534348, 4.515967551839476, 4.445184061336185], "val": [5.0295602679252625, 4.901135623455048, 4.830078411102295, 4.7955389499664305, 4.7649153709411625, 4.7265168070793155, 4.687480318546295, 4.665807032585144, 4.621543776988983, 4.583841991424561]}